,Date,[Vehicle](/r/spacex/wiki/vehicles),Core,[Launch site](/r/SpaceX/wiki/pads),[Orbit](/r/spacex/wiki/launches/manifest#wiki_orbits_.26amp.3B_orbital_maneuvers),Payload mass (kg),Payload(s),Customer,Mission outcome,Landing outcome
0,2018 Feb 22,Falcon 9 v1.2,[B1038 ♺](https://www.reddit.com/r/spacex/wiki/cores#wiki_b1038),LC-4E,SSO,1341 / 386 (x2),"Paz / Starlink prototype satellites ([Microsat-2a, Microsat-2b](https://www.reddit.com/r/SpaceX/wiki/competitors#wiki_commsat_market))",Hisdesat (Spain) / SpaceX Starlink Constellation,[SUCCESS],No attempt
1,2018 Feb 6,Falcon Heavy,[B1023 ♺](https://www.reddit.com/r/spacex/wiki/cores#wiki_b1023) [B1033](https://www.reddit.com/r/spacex/wiki/cores#wiki_b1033) [B1025 ♺](https://www.reddit.com/r/spacex/wiki/cores#wiki_b1025),LC-39A,TMI,1305,Elon's Tesla Roadster (FH Demo Payload),SpaceX,[SUCCESS],[SUCCESS]  (LZ-1) / [FAILURE]  (OCISLY) / [SUCCESS]  (LZ-2)
2,2018 Jan 31,Falcon 9 v1.2,[B1032 ♺](https://www.reddit.com/r/spacex/wiki/cores#wiki_b1032),SLC-40,GTO,4230,GovSat-1,SES (Luxembourg),[SUCCESS],[SUCCESS]  (ocean)
3,2018 Jan 7,Falcon 9 v1.2,[B1043](https://www.reddit.com/r/spacex/wiki/cores#wiki_b1043),SLC-40,LEO,?,Zuma,Government agency via Northrop Grumman,[SUCCESS],[SUCCESS]  (LZ-1)
4,2017 Dec 22,Falcon 9 v1.2,[B1036 ♺](https://www.reddit.com/r/spacex/wiki/cores#wiki_b1036_.2716),LC-4E,PO,860 (x10),Iridium 4 (10 Satellites),Iridium Communications,[SUCCESS],[SUCCESS]  (ocean)
5,2017 Dec 15,Falcon 9 v1.2,[B1035 ♺](https://www.reddit.com/r/spacex/wiki/cores#wiki_b1035_.2716),SLC-40,LEO,1850 / 327,"SpX CRS-13 & SDS, TSIS",NASA,[SUCCESS],[SUCCESS]  (LZ-1)
6,2017 Oct 30,Falcon 9 v1.2,[B1042](https://www.reddit.com/r/spacex/wiki/cores#wiki_b1042),LC-39A,GTO,3700,KoreaSat 5A,KT Corporation (Korea),[SUCCESS],[SUCCESS]  (OCISLY)
7,2017 Oct 11,Falcon 9 v1.2,[B1031 ♺](https://www.reddit.com/r/spacex/wiki/cores#wiki_b1031_.2715),LC-39A,GTO,5200,SES-11 (EchoStar 105),SES (Luxembourg),[SUCCESS],[SUCCESS]  (OCISLY)
8,2017 Oct 9,Falcon 9 v1.2,[B1041](https://www.reddit.com/r/spacex/wiki/cores#wiki_b1041),LC-4E,PO,860 (x10),Iridium 3 (10 Satellites),Iridium Communications,[SUCCESS],[SUCCESS]  (JRTI)
9,2017 Sep 7,Falcon 9 v1.2,[B1040](https://www.reddit.com/r/spacex/wiki/cores#wiki_b1040),LC-39A,LEO,<=4990,X-37B OTV-5,USAF,[SUCCESS],[SUCCESS]  (LZ-1)
10,2017 Aug 24,Falcon 9 v1.2,[B1038](https://www.reddit.com/r/spacex/wiki/cores#wiki_b1038),LC-4E,SSO,475,FORMOSAT 5,NSPO (Taiwan),[SUCCESS],[SUCCESS]  (JRTI)
11,2017 Aug 14,Falcon 9 v1.2,[B1039](https://www.reddit.com/r/spacex/wiki/cores#wiki_b1039),LC-39A,LEO,1652 / 1258,"SpX CRS-12 & CREAM, ELaNa XXII",NASA,[SUCCESS],[SUCCESS]  (LZ-1)
12,2017 July 05,Falcon 9 v1.2,[B1037](https://www.reddit.com/r/spacex/wiki/cores#wiki_b1037_.2716),LC-39A,GTO,6761,Intelsat 35e,Intelsat,[SUCCESS],No attempt
13,2017 June 25,Falcon 9 v1.2,[B1036](https://www.reddit.com/r/spacex/wiki/cores#wiki_b1036_.2716),LC-4E,PO,860 (x10),Iridium 2 (10 Satellites),Iridium Communications,[SUCCESS],[SUCCESS]  (JRTI)
14,2017 June 23,Falcon 9 v1.2,[B1029 ♺](https://www.reddit.com/r/spacex/wiki/cores#wiki_b1029_.2715),LC-39A,GTO,3669,BulgariaSat-1,Bulsatcom (Bulgaria),[SUCCESS],[SUCCESS]  (OCISLY)
15,2017 June 03,Falcon 9 v1.2,[B1035](https://www.reddit.com/r/spacex/wiki/cores#wiki_b1035_.2716),LC-39A,LEO,1665 / 1002,"SpX CRS-11 & ROSA, MUSES, NICER",NASA,[SUCCESS],[SUCCESS]  (LZ-1)
16,2017 May 15,Falcon 9 v1.2,[B1034](https://www.reddit.com/r/spacex/wiki/cores#wiki_b1034_.2716),LC-39A,GTO,6086,Inmarsat 5-F4,Inmarsat (UK),[SUCCESS],No attempt
17,2017 May 1,Falcon 9 v1.2,[B1032](https://www.reddit.com/r/spacex/wiki/cores#wiki_b1032),LC-39A,LEO,?,NROL-76,NROL,[SUCCESS],[SUCCESS]  (LZ-1)
18,2017 Mar 30,Falcon 9 v1.2,[B1021 ♺](https://www.reddit.com/r/spacex/wiki/cores#wiki_b1021_.2605),LC-39A,GTO,5281.7,SES-10,SES (Luxembourg),[SUCCESS],[SUCCESS]  (OCISLY)
19,2017 Mar 16,Falcon 9 v1.2,[B1030](https://www.reddit.com/r/spacex/wiki/cores#wiki_b1030_.2716),LC-39A,GTO,~5500,EchoStar 23,EchoStar Corp.,[SUCCESS],No attempt
20,2017 Feb 19,Falcon 9 v1.2,[B1031](https://www.reddit.com/r/spacex/wiki/cores#wiki_b1031_.2715),LC-39A,LEO,1530/960,"SpX CRS-10 & STP-H5, SAGE III, SAGE NVP",NASA,[SUCCESS],[SUCCESS]  (LZ-1)
21,2017 Jan 14,Falcon 9 v1.2,[B1029](https://www.reddit.com/r/spacex/wiki/cores#wiki_b1029_.2715),LC-4E,PO,860 (x10),Iridium 1 (10 Satellites),Iridium Communications,[SUCCESS],[SUCCESS]  (JRTI)
22,2016 Sep 1,Falcon 9 v1.2,[B1028](https://www.reddit.com/r/spacex/wiki/cores#wiki_b1028_.2716),SLC-40,GTO,5250,Amos-6,Spacecom (Israel),[FAILURE],Precluded  
23,2016 Aug 14,Falcon 9 v1.2,[B1026](https://www.reddit.com/r/spacex/wiki/cores#wiki_b1026_.2716),SLC-40,GTO,~4600,JCSAT-16,JSAT Corporation (Japan),[SUCCESS],[SUCCESS]  (OCISLY)
24,2016 Jul 18,Falcon 9 v1.2,[B1025](https://www.reddit.com/r/spacex/wiki/cores#wiki_b1025),SLC-40,LEO,2023/550,SpX CRS-9 & IDA-2,NASA,[SUCCESS],[SUCCESS]  (LZ-1)
25,2016 Jun 14,Falcon 9 v1.2,[B1024](https://www.reddit.com/r/spacex/wiki/cores#wiki_b1024_.2716),SLC-40,GTO,~2000/1963,ABS 2A / Eutelsat 117W B (Satmex9),ABS (China) / Eutelsat (Mexico),[SUCCESS],[FAILURE]  (OCISLY)
26,2016 May 27,Falcon 9 v1.2,[B1023](https://www.reddit.com/r/spacex/wiki/cores#wiki_b1023),SLC-40,GTO,3100,Thaicom 8,Thaicom (Thailand),[SUCCESS],[SUCCESS]  (OCISLY)	
27,2016 May 06,Falcon 9 v1.2,[B1022](https://www.reddit.com/r/spacex/wiki/cores#wiki_b1022_.2715),SLC-40,GTO,4682,JCSAT-14,JSAT Corporation (Japan),[SUCCESS],[SUCCESS]  (OCISLY)	
28,2016 Apr 08,Falcon 9 v1.2,[B1021](https://www.reddit.com/r/spacex/wiki/cores#wiki_b1021_.2605),SLC-40,LEO,1723/1413,SpX CRS-8 & BEAM,NASA & Bigelow Aerospace,[SUCCESS],[SUCCESS]  (OCISLY)	
29,2016 Mar 04,Falcon 9 v1.2,[B1020](https://www.reddit.com/r/spacex/wiki/cores#wiki_b1020_.2716),SLC-40,GTO,5330,SES-9,SES (Luxembourg),[SUCCESS],[FAILURE]  (OCISLY)	
30,2016 Jan 17,Falcon 9 v1.1,Presumed B1017,LC-4E,PO,525,Jason-3,NASA / NOAA / CNES / EUTELSAT,[SUCCESS],[FAILURE]  (JRTI)
31,2015 Dec 21,Falcon 9 v1.2,[B1019](https://www.reddit.com/r/spacex/wiki/cores#wiki_b1019_.2605),SLC-40,LEO,172 (x11),OG2 Launch 2 (11 OG2 sats),Orbcomm,[SUCCESS],[SUCCESS]  (LZ-1)
32,2015 Jun 28,Falcon 9 v1.1,Presumed B1018,SLC-40,LEO,1800,SpX CRS-7,NASA,[FAILURE],Precluded
33,2015 Apr 27,Falcon 9 v1.1,Presumed B1016,SLC-40,GTO,4707,TurkmenÄlem 52E (MonacoSat),Turkmenistan/Monaco,[SUCCESS],No attempt
34,2015 Apr 14,Falcon 9 v1.1,Presumed B1015,SLC-40,LEO,2015,SpX CRS-6,NASA,[SUCCESS],[FAILURE]  (Original JRTI)
35,2015 Mar 01,Falcon 9 v1.1,Presumed B1014,SLC-40,GTO,2205/1954,Eutelsat 115W B & ABS-3A,ABS (China) / Eutelsat (Mexico),[SUCCESS],No attempt
36,2015 Feb 11,Falcon 9 v1.1,Presumed B1013,SLC-40,L1,570,DSCOVR,USAF/NASA/NOAA,[SUCCESS],[SUCCESS]  (ocean)
37,2015 Jan 10,Falcon 9 v1.1,Presumed B1012,SLC-40,LEO,2317,SpX CRS-5,NASA,[SUCCESS],[FAILURE]  (Original JRTI)
38,2014 Sep 21,Falcon 9 v1.1,Presumed B1010,SLC-40,LEO,2216,SpX CRS-4,NASA,[SUCCESS],[SUCCESS]  (ocean)
39,2014 Sep 07,Falcon 9 v1.1,Presumed B1011,SLC-40,GTO,3700,AsiaSat 6,AsiaSat (Hong Kong),[SUCCESS],No attempt
40,2014 Aug 05,Falcon 9 v1.1,B10**,SLC-40,GTO,4535,AsiaSat 8,AsiaSat (Hong Kong),[SUCCESS],No attempt
41,2014 Jul 14,Falcon 9 v1.1,B10**,SLC-40,LEO,172 (x6),OG2 Launch 1 (6 OG2 sats),Orbcomm,[SUCCESS],[SUCCESS]  (ocean)
42,2014 Apr 18,Falcon 9 v1.1,B10**,SLC-40,LEO,2089,SpX CRS-3,NASA,[SUCCESS],[SUCCESS]  (ocean)
43,2014 Jan 06,Falcon 9 v1.1,B10**,SLC-40,GTO,3016,Thaicom 6 (AfriCom 1),Thaicom (Thailand),[SUCCESS],No attempt
44,2013 Dec 03,Falcon 9 v1.1,B10**,SLC-40,GTO,3170,SES-8,SES (Luxembourg),[SUCCESS],No attempt
45,2013 Sep 29,Falcon 9 v1.1,Presumed B1003,LC-4E,PO,500,CASSIOPE,MDA (Canada),[SUCCESS],[FAILURE]  (ocean)
46,2013 Mar 01,Falcon 9 v1.0,Presumed B0007,SLC-40,LEO,677,SpX CRS-2,NASA,[SUCCESS],No attempt
47,2012 Oct 07,Falcon 9 v1.0,Presumed B0006,SLC-40,LEO,400,SpX CRS-1 & OG2 demo,NASA,[SUCCESS],No attempt
48,2012 May 22,Falcon 9 v1.0,Presumed B0005,SLC-40,LEO,525,COTS 2,NASA,[SUCCESS],No attempt
49,2010 Dec 08,Falcon 9 v1.0,Presumed B0004,SLC-40,LEO,N/A,COTS 1,NASA,[SUCCESS],[FAILURE]  (parachutes)
50,2010 Jun 04,Falcon 9 v1.0,Presumed B0003,SLC-40,LEO,N/A,Demo Flight,SpaceX,[SUCCESS],[FAILURE]  (parachutes)
51,2009 Jul 14,Falcon 1,N/A,Kwajalein,LEO,200,RazakSat,ATSB,[SUCCESS],No attempt
52,2008 Sep 28,Falcon 1,N/A,Kwajalein,LEO,165,RatSat,SpaceX,[SUCCESS],No attempt
53,2008 Aug 03,Falcon 1,N/A,Kwajalein,LEO,83.5/4/4/?,Trailblazer / PRESat / NanoSail-D / Explorers,ORS / NASA / Celestis,[FAILURE],No attempt
54,2007 Mar 21,Falcon 1,N/A,Kwajalein,LEO,?,DemoSat,DARPA,[FAILURE],No attempt
55,2006 Mar 24,Falcon 1,N/A,Kwajalein,LEO,19.5,FalconSat,DARPA,[FAILURE],No attempt
