index,NET Date [Launch window UTC],Vehicle,Launch site,Orbit,Payload mass (kg),Payload(s),Customer,Notes & Refs
0,2018 Mar 1 [05:35],Falcon 9,SLC-40,GTO,6092,Hispasat 30W-6,Hispasat (Spain),"O, [5](http://forum.nasaspaceflight.com/index.php?topic=8184.msg1735701#msg1735701), [68](https://www.satbeams.com/satellites?id=2555), [1](http://spaceflightnow.com/launch-schedule/), [90](http://forum.nasaspaceflight.com/index.php?topic=43648.msg1756740#msg1756740), [44](https://twitter.com/NASASpaceflight/status/950810517270036480), [6](http://www.launchphotography.com/Delta_4_Atlas_5_Falcon_9_Launch_Viewing.html), [23](https://twitter.com/NASASpaceflight/status/968117586989867010)"
1,2018 Mar 29 [15:19],Falcon 9 ♺,LC-4E,PO,860 (x10),Iridium 5 (10 Satellites),Iridium Communications,"O, R, [5](http://forum.nasaspaceflight.com/index.php?topic=8184.msg1735701#msg1735701), [69](https://www.nasaspaceflight.com/2017/10/iridium-4-flight-proven-falcon-9-rtls-vandenberg-delayed/), [1](http://spaceflightnow.com/launch-schedule/), [102](https://apps.fcc.gov/oetcf/els/reports/STA_Print.cfm?mode=current&application_seq=82273&RequestTimeout=1000)"
2,2018 Mar 30,Falcon 9,SLC-40 ?,GTO,~3500,Bangabandhu-1,Bangladesh Gov,"O, [100](http://www.dhakatribune.com/bangladesh/2017/jan/30/thales-use-spacexs-falcon-9-launch), [35](http://en.prothom-alo.com/science-technology/news/125991/50pc-work-of-Bangabandhu-Satellite-completed) , [5](http://forum.nasaspaceflight.com/index.php?topic=8184.msg1735701#msg1735701), [85](http://www.webtimemedias.com/article/thales-alenia-space-les-bangladais-ont-chante-devant-leur-satellite-20171124-61367)"
3,2018 Apr 2 [20:30],Falcon 9 ♺ + Dragon ♺,SLC-40,LEO,2760 / 550,"SpX CRS-14 & RRM3, PFCS, ASIM",NASA,"O, R, [5](http://forum.nasaspaceflight.com/index.php?topic=8184.msg1735701#msg1735701), [31](https://www.wired.com/story/spacex-keeps-lining-up-covert-military-launches/), [86](https://www.terma.com/press/news-2017/denmarks-next-major-space-project-prepared-for-launch/), [97](https://apps.fcc.gov/oetcf/els/reports/STA_Print.cfm?mode=current&application_seq=81985&RequestTimeout=1000), [1](https://spaceflightnow.com/launch-schedule/)"
4,2018 Apr 16,Falcon 9,SLC-40,HEO,325,Transiting Exoplanet Survey Satellite,NASA,"O, [15](https://twitter.com/NASA_TESS/status/817415259753508866), [14](https://sma.nasa.gov/docs/default-source/sma-disciplines-and-programs/SMSR/smsr-near-term-schedule.pdf), [22](https://www.nasa.gov/launchschedule/), [93](https://www.nasa.gov/content/about-tess), [101](https://spaceflightnow.com/2018/02/16/exoplanet-hunting-satellite-arrives-in-florida-for-april-launch/)"
5,2018 Apr,Falcon 9,LC-4E,PO,860 (x5) / 580 (x2),Iridium 6 (5 Satellites) / GRACE-FO 1-2,Iridium Communications / NASA,"O, [14](https://sma.nasa.gov/docs/default-source/sma-disciplines-and-programs/SMSR/smsr-near-term-schedule.pdf), [33](https://twitter.com/IridiumBoss/status/904855169657171968), [87](https://www.nasaspaceflight.com/2018/01/spacex-iridium-5-launch-shutdown-manifest-uncertainty/), [1](https://spaceflightnow.com/launch-schedule/)"
6,2018 Apr,Falcon 9 ♺,SLC-40,GTO,5300,SES-12,SES (Luxembourg),"O, R, [1](https://spaceflightnow.com/launch-schedule/), [3](https://www.ses.com/our-coverage/launches), [72](https://www.spaceintelreport.com/ses-switches-spacex-arianespace-launches-mitigate-cost-satellite-failure/), [5](http://forum.nasaspaceflight.com/index.php?topic=8184.msg1735701#msg1735701)"
7,2018 Q2,Falcon 9,SLC-40,GTO,?,Telstar 19V,Telesat (Canada),"O, [25](https://www.satbeams.com/satellites?id=2677), [66](http://spacenews.com/telesat-says-low-latency-led-to-leo-constellation/)"
8,2018 Q2,Falcon 9,SLC-40,GTO,?,Telstar 18V (APStar 5C),Telesat (Canada),"O, [24](https://www.satbeams.com/satellites?id=2679), [66](http://spacenews.com/telesat-says-low-latency-led-to-leo-constellation/)"
9,2018 May,Falcon 9 ♺,SLC-40,GTO,~5000,Telkom-4,Telkom (Indonesia),"O, R, [55](https://seasia.co/2017/05/01/indonesia-to-use-spacex-to-launch-next-satellite), [81](http://www.thejakartapost.com/news/2017/08/31/telkom-to-replace-troubled-satellite-in-august-2018.html)"
10,2018 Jun 9,Falcon 9 ♺ + Dragon ♺,LC-39A,LEO,2410 / 900,SpX CRS-15 & ECOSTRESS,NASA,"O, R, [5](http://forum.nasaspaceflight.com/index.php?topic=8184.msg1735701#msg1735701)"
11,2018 Jun,Falcon Heavy,LC-39A,LEO,>2500,"STP-2 (DCX, & 34 others)",U.S. Air Force,"O, [63](http://www.planetary.org/blogs/jason-davis/2017/20170721-lightsail-2-updates-prox-1-launch-dates.html), [3](https://www.nasaspaceflight.com/2017/03/spacex-falcon-9-echostar-23-slc-40-return/), [59](https://www.reddit.com/r/spacex/comments/6ix76m/), [5](http://forum.nasaspaceflight.com/index.php?topic=8184.msg1746708#msg1746708), [58](https://www.reddit.com/r/spacex/comments/7o38ur/rspacex_discusses_january_2018_40/dtle46i/)"
12,2018 Jun,Falcon 9 ♺,LC-4E,PO,860 (x10),Iridium 7 (10 Satellites),Iridium Communications,"O, R, [11](http://spaceflightnow.com/2016/02/29/with-russian-launch-grounded-iridium-flips-order-of-satellite-deployments/), [5](http://forum.nasaspaceflight.com/index.php?topic=8184.msg1746708#msg1746708), [69](https://www.nasaspaceflight.com/2017/10/iridium-4-flight-proven-falcon-9-rtls-vandenberg-delayed/)"
13,2018 Jul,Falcon 9 ♺,LC-4E,PO,860 (x10),Iridium 8 (10 Satellites),Iridium Communications,"O, R, [11](http://spaceflightnow.com/2016/02/29/with-russian-launch-grounded-iridium-flips-order-of-satellite-deployments/), [5](http://forum.nasaspaceflight.com/index.php?topic=8184.msg1746708#msg1746708), [69](https://www.nasaspaceflight.com/2017/10/iridium-4-flight-proven-falcon-9-rtls-vandenberg-delayed/)"
14,2018 Jul,Falcon 9,LC-4E,SSO,>1000,SSO-A,"Spaceflight Industries, Inc","O, [37](http://www.spaceflight.com/taking-space-knacksat/), [39](https://twitter.com/jeff_foust/status/874980790983163904), [5](https://forum.nasaspaceflight.com/index.php?topic=8184.msg1787891#msg1787891), [27](http://spaceflight.com/schedule-pricing/#schedule)"
15,2018 Aug,Falcon 9 + Crew Dragon,LC-39A,LEO,?,CCtCap Demo Mission 1 (DM-1) (uncrewed),NASA,"O, T, [1](http://spaceflightnow.com/launch-schedule/), [5](http://forum.nasaspaceflight.com/index.php?topic=8184.msg1735701#msg1735701), [54](https://twitter.com/SciGuySpace/status/889562804348497920), [13](https://blogs.nasa.gov/commercialcrew/2017/07/20/nasas-commercial-crew-program-target-flight-dates/), [95](http://spaceflight101.com/falcon-9-launches-fourth-set-of-iridium-satellites/), [96](https://www.nasaspaceflight.com/2018/01/atlas-v-flies-dcr-ahead-starliner-debut/)"
16,2018 Aug,Falcon 9 ♺,LC-4E,SSO,475 (x3),"RADARSAT C-1, C-2, C-3",CSA (Canada),"O, R, [5](http://forum.nasaspaceflight.com/index.php?topic=8184.msg1735701#msg1735701), [92](http://spaceq.ca/radarsat-constellation-mission-to-fly-on-refurbished-spacex-falcon-9-rocket/)"
17,2018 Sep,Falcon 9,SLC-40,MEO,3680,GPS IIIA-1,USAF,"O, [18](http://spacenews.com/spacex-wins-82-million-contract-for-2018-falcon-9-launch-of-gps-3-satellite/), [19](http://space.skyrocket.de/doc_sdat/navstar-3.htm), [5](http://forum.nasaspaceflight.com/index.php?topic=8184.msg1746708#msg1746708), [12](http://forum.nasaspaceflight.com/index.php?topic=8184.msg1758580#msg1758580)"
18,2018 Sep,Falcon 9,LC-4E,SSO,1600,SAOCOM 1A,CONAE (Argentina),"O, [36](http://database.eohandbook.com/database/missionsummary.aspx?missionID=405), [16](http://www.invap.com.ar/en/aerospace-and-government/space-projects/saocom-satellites.html), [17](http://www.itu.int/en/ITU-R/space/workshops/2017-Bariloche/Presentations/25%20-%20Fernando%20Hisas%20-%20CONAE%20Argentina.pdf), [5](http://forum.nasaspaceflight.com/index.php?topic=8184.msg1735701#msg1735701), [26](http://www.losandes.com.ar/article/cumbre-en-buenos-aires-se-pueden-anticipar-catastrofes-naturales-con-informacion-satelital)"
19,2018 Q4,Falcon 9,SLC-40,GTO,?,GTO-1,"Spaceflight Industries, Inc","S, [40](http://i.imgur.com/iOKi0Jp.jpg), [27](http://spaceflight.com/schedule-pricing/#schedule)"
20,2018 Q4,Falcon 9,SLC-40,GTO,~5000,PSN-6,Pasifik Satelit Nusantara (Indonesia),"S, [53](http://spacenews.com/china-great-wall-industry-corp-lands-indonesian-commercial-satellite-order/), [5](http://forum.nasaspaceflight.com/index.php?topic=8184.msg1735701#msg1735701), [64](http://forum.nasaspaceflight.com/index.php?topic=8184.msg1774626#msg1774626)"
21,2018 Q4,Falcon Heavy,LC-39A,GTO,~6000,ArabSat 6A,ArabSat (Saudi Arabia),"O, [59](https://www.reddit.com/r/spacex/comments/6ix76m/), [5](http://forum.nasaspaceflight.com/index.php?topic=8184.msg1746708#msg1746708), [20](https://twitter.com/chrisg_nsf/status/966335922294882304)"
22,2018 Nov 16,Falcon 9 ♺ + Dragon ♺,LC-39A,LEO,? / 550,SpX CRS-16 & IDA-3,NASA,"O, R, [5](http://forum.nasaspaceflight.com/index.php?topic=8184.msg1735701#msg1735701), [1](http://spaceflightnow.com/launch-schedule/), [2](http://spaceflight101.com/iss/iss-calendar/)"
23,2018 H2,Falcon 9,LC-39A,SO,?,Crew Dragon In Flight Abort Test,NASA,"S, T, [34](http://www.thespaceshow.com/show/22-jun-2017/broadcast-2934-ms.-gwynne-shotwell), [54](https://twitter.com/SciGuySpace/status/889562804348497920), [62](https://www.nasaspaceflight.com/2017/08/spacex-boeing-home-stretch-commercial-crew-readiness/), [95](http://spaceflight101.com/falcon-9-launches-fourth-set-of-iridium-satellites/)"
24,2018,Falcon 9,SLC-40,GTO,~3000,Es’hail 2,Es’hailSat (Qatar),"O, [8](https://www.eshailsat.qa/en/satellites/index/)"
25,2019 Q1,Falcon 9 + Crew Dragon,LC-39A,LEO,?,CCtCap Demo Mission 2 (DM-2) (crewed),NASA,"O, M, T, [9](http://www.nasaspaceflight.com/2015/03/commercial-crew-demo-missions-dragon-cst-100/), [30](https://pbs.twimg.com/media/Cod79oEVIAAYMjt.jpg:orig), [13](https://blogs.nasa.gov/commercialcrew/2017/07/20/nasas-commercial-crew-program-target-flight-dates/), [54](https://twitter.com/SciGuySpace/status/889562804348497920), [95](http://spaceflight101.com/falcon-9-launches-fourth-set-of-iridium-satellites/)"
26,2019 Feb,Falcon 9 ♺ + Dragon ♺,LC-39A,LEO,?,"SpX CRS-17 & OCO 3, STP-H6",NASA,"O, R, [5](http://forum.nasaspaceflight.com/index.php?topic=8184.msg1735701#msg1735701), [2](http://spaceflight101.com/iss/iss-calendar/)"
27,2019 Feb,Falcon 9,SLC-40,MEO,3880,GPS IIIA-2,USAF,"S, [48](https://www.defense.gov/News/Contracts/Contract-View/Article/1112618), [5](http://forum.nasaspaceflight.com/index.php?topic=8184.msg1746708#msg1746708)"
28,2019 Mar,Falcon 9,LC-4E,SSO,1600,SAOCOM 1B,CONAE (Argentina),"O, [10](http://database.eohandbook.com/database/missionsummary.aspx?missionID=452), [16](http://www.invap.com.ar/en/aerospace-and-government/space-projects/saocom-satellites.html), [17](http://www.itu.int/en/ITU-R/space/workshops/2017-Bariloche/Presentations/25%20-%20Fernando%20Hisas%20-%20CONAE%20Argentina.pdf), [26](http://www.losandes.com.ar/article/cumbre-en-buenos-aires-se-pueden-anticipar-catastrofes-naturales-con-informacion-satelital)"
29,2019 Q2,Falcon 9,LC-4E,SSO,?,SSO-B,"Spaceflight Industries, Inc","S, [40](http://i.imgur.com/iOKi0Jp.jpg), [5](http://forum.nasaspaceflight.com/index.php?topic=8184.msg1746708#msg1746708), [27](http://spaceflight.com/schedule-pricing/#schedule)"
30,2019 Apr,Falcon 9 + Crew Dragon,LC-39A,LEO,?,USCV-1 (NASA Crew Flight 1),NASA,"O, M, [42](https://www.nasa.gov/feature/mission-awards-secure-commercial-crew-transportation-for-coming-years), [43](http://www.spacex.com/news/2017/02/27/spacex-send-privately-crewed-dragon-spacecraft-beyond-moon-next-year), [5](http://forum.nasaspaceflight.com/index.php?topic=8184.msg1746708#msg1746708), [96](https://www.nasaspaceflight.com/2018/01/atlas-v-flies-dcr-ahead-starliner-debut/)"
31,2019 May,Falcon 9 ♺ + Dragon ♺,LC-39A,LEO,?,SpX CRS-18 & GEDI,NASA,"O, R, [5](http://forum.nasaspaceflight.com/index.php?topic=8184.msg1735701#msg1735701), [2](http://spaceflight101.com/iss/iss-calendar/)"
32,2019 Q2,Falcon 9 ♺,SLC-40 / BC,GTO,5500,Amos-17,Spacecom (Israel),"O, R, [78](http://fortune.com/2017/10/18/spacex-spacecom-satellites-rockets/), [80](https://twitter.com/jeff_foust/status/920664676068884480), [82](http://spacenews.com/spacecom-returns-to-spacex-for-one-possibly-two-launches/)"
33,2019 Oct,Falcon 9 ♺ + Dragon ♺,LC-39A,LEO,?,"SpX CRS-19 & Bartolomeo, CEPHFISS",NASA,"O, R, [5](http://forum.nasaspaceflight.com/index.php?topic=8184.msg1735701#msg1735701), [2](http://spaceflight101.com/iss/iss-calendar/)"
34,2019 H2,Falcon 9,LC-4E,SSO,?,SSO-C,"Spaceflight Industries, Inc","S, [40](http://i.imgur.com/iOKi0Jp.jpg), [27](http://spaceflight.com/schedule-pricing/#schedule)"
35,2019 H2,Falcon 9,SLC-40 / BC,GTO,?,JCSat 18 / Kacific 1,"JSAT Corporation (Japan), Kacific Ltd (Singapore)","S, [73](https://twitter.com/jeff_foust/status/904817715956903936), [74](https://twitter.com/pbdes/status/904929630750158848)"
36,2019 Q4,Falcon 9,SLC-40 / BC,GTO,?,GTO-2,"Spaceflight Industries, Inc","S, [40](http://i.imgur.com/iOKi0Jp.jpg), [5](http://forum.nasaspaceflight.com/index.php?topic=8184.msg1746708#msg1746708), [27](http://spaceflight.com/schedule-pricing/#schedule)"
37,2019,Falcon 9,SLC-40 / BC,GTO,~6000,GiSAT-1,Global IP Cayman (Cayman Islands),"O, [32](http://www.businesswire.com/news/home/20170402005120/en/Global-IP-Announces-Selection-SpaceX-Launch-150-Gbps), [47](http://space.skyrocket.de/doc_sdat/gisat.htm), [30](http://www.boeing.com/space/boeing-satellite-family/index.page#/launch-schedule)"
38,2019,Falcon 9,SLC-40 / BC,GTO,?,SXM-7,SiriusXM,"O, [88](http://space.skyrocket.de/doc_sdat/sxm-7.htm)"
39,2019,Falcon 9,LC-4E,SSO,~2200,SARah 1,"OHB-System AG (Bundeswehr, Germany)","O, [56](http://spacenews.com/35905falcon-9-selected-to-launch-german-military-radar-satellites/)"
40,2019,Falcon 9,LC-4E,SSO,~1800 (x2),SARah 2/3,"Airbus Defence and Space (Bundeswehr, Germany)","O, [56](http://spacenews.com/35905falcon-9-selected-to-launch-german-military-radar-satellites/)"
41,2020 Jan,Falcon 9 ♺ + Dragon ♺,LC-39A,LEO,?,SpX CRS-20 & GEROS,NASA,"O, R, [5](http://forum.nasaspaceflight.com/index.php?topic=8184.msg1735701#msg1735701), [2](http://spaceflight101.com/iss/iss-calendar/)"
42,2020 Jan,Falcon 9 + Crew Dragon,LC-39A,LEO,?,USCV-3 (NASA Crew Flight 2),NASA,"O, M, [42](https://www.nasa.gov/feature/mission-awards-secure-commercial-crew-transportation-for-coming-years), [43](http://www.spacex.com/news/2017/02/27/spacex-send-privately-crewed-dragon-spacecraft-beyond-moon-next-year) "
43,2020 H1,Falcon 9,LC-4E,SSO,?,SSO-D,"Spaceflight Industries, Inc","S, [40](http://i.imgur.com/iOKi0Jp.jpg), [27](http://spaceflight.com/schedule-pricing/#schedule)"
44,2020 H1,Falcon 9,SLC-40 / BC,GTO,?,GTO-C,"Spaceflight Industries, Inc","S, [40](http://i.imgur.com/iOKi0Jp.jpg), [27](http://spaceflight.com/schedule-pricing/#schedule)"
45,2020 Nov,Falcon 9,LC-4E,PO,1400,Sentinel-6A,NASA,"S, [67](https://www.nasa.gov/press-release/nasa-awards-launch-services-contract-for-sentinel-6a-mission), [83](https://twitter.com/pbdes/status/921249292186202112)"
46,2020 Dec,Falcon 9,SLC-40 / LC-39A,TLI,550,KPLO (Korea Pathfinder Lunar Orbiter),Korea Aerospace Research Institute (South Korea),"S, [60](http://m.yna.co.kr/kr/contents/?cid=AKR20171218046600063&site=0800000000)"
47,2020 H2,Falcon 9,SLC-40 / BC,GTO,?,Amos-8,Spacecom (Israel),"O, [78](http://fortune.com/2017/10/18/spacex-spacecom-satellites-rockets/)"
48,2020,Falcon 9,SLC-40 / BC,GTO,3500,Turksat 5A,Turksat (Turkey),"O, [57](https://twitter.com/pbdes/status/928575192275697665), [21](http://www.adsadvance.co.uk/airbus-to-build-t-rksat-5a-and-5b-satellites.html)"
49,2020,Falcon Heavy,LC-39A / BC,GTO,6400,ViaSat-3,ViaSat,"O, [89](http://space.skyrocket.de/doc_sdat/viasat-3.htm)"
50,2020,Falcon 9,SLC-40 / BC,GTO,?,SXM-8,SiriusXM,"O, [88](http://space.skyrocket.de/doc_sdat/sxm-7.htm)"
51,2020,Falcon 9 ♺ + Dragon ♺,LC-39A,LEO,?,CRS-21,NASA,"O, R, [41](https://www.nasaspaceflight.com/2016/01/nasa-awards-crs2-spacex-orbital-atk-sierra-nevada/), [43](http://www.spacex.com/news/2017/02/27/spacex-send-privately-crewed-dragon-spacecraft-beyond-moon-next-year)"
52,2020,Falcon 9 ♺ + Dragon ♺,LC-39A,LEO,?,CRS-22,NASA,"O, R, [41](https://www.nasaspaceflight.com/2016/01/nasa-awards-crs2-spacex-orbital-atk-sierra-nevada/), [43](http://www.spacex.com/news/2017/02/27/spacex-send-privately-crewed-dragon-spacecraft-beyond-moon-next-year) "
53,2020,Falcon 9 ♺ + Dragon ♺,LC-39A,LEO,?,CRS-23,NASA,"O, R, [41](https://www.nasaspaceflight.com/2016/01/nasa-awards-crs2-spacex-orbital-atk-sierra-nevada/), [43](http://www.spacex.com/news/2017/02/27/spacex-send-privately-crewed-dragon-spacecraft-beyond-moon-next-year) "
54,2020,Falcon 9 ♺ + Dragon ♺,LC-39A,LEO,?,CRS-24,NASA,"O, R, [41](https://www.nasaspaceflight.com/2016/01/nasa-awards-crs2-spacex-orbital-atk-sierra-nevada/), [43](http://www.spacex.com/news/2017/02/27/spacex-send-privately-crewed-dragon-spacecraft-beyond-moon-next-year) "
55,2021 Jan,Falcon 9 + Crew Dragon,LC-39A,LEO,?,USCV-5 (NASA Crew Flight 3),NASA,"S, M, [42](https://www.nasa.gov/feature/mission-awards-secure-commercial-crew-transportation-for-coming-years), [43](http://www.spacex.com/news/2017/02/27/spacex-send-privately-crewed-dragon-spacecraft-beyond-moon-next-year) "
56,2021 Apr,Falcon 9,LC-4E,SSO,1850,SWOT (Surface Water & Ocean Topography),NASA / CNES (France) / CSA (Canada),"O, [38](https://www.nasa.gov/press-release/nasa-selects-launch-services-for-global-surface-water-survey-mission), [7](https://directory.eoportal.org/web/eoportal/satellite-missions/s/swot) "
57,2021,Falcon 9,SLC-40 / BC,GTO,4500,Turksat 5B,Turksat (Turkey),"O, [57](https://twitter.com/pbdes/status/928575192275697665), [21](http://www.adsadvance.co.uk/airbus-to-build-t-rksat-5a-and-5b-satellites.html)"
58,2021,Falcon 9 ♺ + Dragon ♺,LC-39A,LEO,?,CRS-25,NASA,"O, R, [41](https://www.nasaspaceflight.com/2016/01/nasa-awards-crs2-spacex-orbital-atk-sierra-nevada/), [43](http://www.spacex.com/news/2017/02/27/spacex-send-privately-crewed-dragon-spacecraft-beyond-moon-next-year), [5](http://forum.nasaspaceflight.com/index.php?topic=8184.msg1735701#msg1735701), [28](https://youtu.be/RIe12KHtEfU?t=350)"
59,2021,Falcon 9 ♺ + Dragon ♺,LC-39A,LEO,?,CRS-26,NASA,"O, R, [41](https://www.nasaspaceflight.com/2016/01/nasa-awards-crs2-spacex-orbital-atk-sierra-nevada/), [43](http://www.spacex.com/news/2017/02/27/spacex-send-privately-crewed-dragon-spacecraft-beyond-moon-next-year), [5](http://forum.nasaspaceflight.com/index.php?topic=8184.msg1735701#msg1735701), [28](https://youtu.be/RIe12KHtEfU?t=350)"
60,2021,Falcon 9 ♺ + Dragon ♺,LC-39A,LEO,?,CRS-27,NASA,"O, R, [41](https://www.nasaspaceflight.com/2016/01/nasa-awards-crs2-spacex-orbital-atk-sierra-nevada/), [43](http://www.spacex.com/news/2017/02/27/spacex-send-privately-crewed-dragon-spacecraft-beyond-moon-next-year), [5](http://forum.nasaspaceflight.com/index.php?topic=8184.msg1735701#msg1735701), [28](https://youtu.be/RIe12KHtEfU?t=350)"
61,2022,Falcon 9 + Crew Dragon,LC-39A,LEO,?,USCV-7 (NASA Crew Flight 4),NASA,"S, M, [42](https://www.nasa.gov/feature/mission-awards-secure-commercial-crew-transportation-for-coming-years), [43](http://www.spacex.com/news/2017/02/27/spacex-send-privately-crewed-dragon-spacecraft-beyond-moon-next-year) "
62,2022,Falcon 9 ♺ + Dragon ♺,LC-39A,LEO,?,CRS-28,NASA,"O, R, [41](https://www.nasaspaceflight.com/2016/01/nasa-awards-crs2-spacex-orbital-atk-sierra-nevada/), [43](http://www.spacex.com/news/2017/02/27/spacex-send-privately-crewed-dragon-spacecraft-beyond-moon-next-year), [5](http://forum.nasaspaceflight.com/index.php?topic=8184.msg1735701#msg1735701), [28](https://youtu.be/RIe12KHtEfU?t=350)"
63,2022,Falcon 9 ♺ + Dragon ♺,LC-39A,LEO,?,CRS-29,NASA,"O, R, [41](https://www.nasaspaceflight.com/2016/01/nasa-awards-crs2-spacex-orbital-atk-sierra-nevada/), [43](http://www.spacex.com/news/2017/02/27/spacex-send-privately-crewed-dragon-spacecraft-beyond-moon-next-year), [5](http://forum.nasaspaceflight.com/index.php?topic=8184.msg1735701#msg1735701), [28](https://youtu.be/RIe12KHtEfU?t=350)"
64,2022,Falcon 9 ♺ + Dragon ♺,LC-39A,LEO,?,CRS-30,NASA,"O, R, [41](https://www.nasaspaceflight.com/2016/01/nasa-awards-crs2-spacex-orbital-atk-sierra-nevada/), [43](http://www.spacex.com/news/2017/02/27/spacex-send-privately-crewed-dragon-spacecraft-beyond-moon-next-year), [5](http://forum.nasaspaceflight.com/index.php?topic=8184.msg1735701#msg1735701), [28](https://youtu.be/RIe12KHtEfU?t=350)"
65,2023,Falcon 9 + Crew Dragon,LC-39A,LEO,?,USCV-9 (NASA Crew Flight 5),NASA,"S, M, [42](https://www.nasa.gov/feature/mission-awards-secure-commercial-crew-transportation-for-coming-years), [43](http://www.spacex.com/news/2017/02/27/spacex-send-privately-crewed-dragon-spacecraft-beyond-moon-next-year) "
66,2023,Falcon 9 ♺ + Dragon ♺,LC-39A,LEO,?,CRS-31,NASA,"O, R, [41](https://www.nasaspaceflight.com/2016/01/nasa-awards-crs2-spacex-orbital-atk-sierra-nevada/), [43](http://www.spacex.com/news/2017/02/27/spacex-send-privately-crewed-dragon-spacecraft-beyond-moon-next-year), [5](http://forum.nasaspaceflight.com/index.php?topic=8184.msg1735701#msg1735701), [28](https://youtu.be/RIe12KHtEfU?t=350)"
67,2023,Falcon 9 ♺ + Dragon ♺,LC-39A,LEO,?,CRS-32,NASA,"O, R, [41](https://www.nasaspaceflight.com/2016/01/nasa-awards-crs2-spacex-orbital-atk-sierra-nevada/), [43](http://www.spacex.com/news/2017/02/27/spacex-send-privately-crewed-dragon-spacecraft-beyond-moon-next-year), [5](http://forum.nasaspaceflight.com/index.php?topic=8184.msg1735701#msg1735701), [28](https://youtu.be/RIe12KHtEfU?t=350)"
68,2023,Falcon 9 ♺ + Dragon ♺,LC-39A,LEO,?,CRS-33,NASA,"O, R, [41](https://www.nasaspaceflight.com/2016/01/nasa-awards-crs2-spacex-orbital-atk-sierra-nevada/), [43](http://www.spacex.com/news/2017/02/27/spacex-send-privately-crewed-dragon-spacecraft-beyond-moon-next-year), [5](http://forum.nasaspaceflight.com/index.php?topic=8184.msg1735701#msg1735701), [28](https://youtu.be/RIe12KHtEfU?t=350)"
69,2024,Falcon 9 + Crew Dragon,LC-39A,LEO,?,USCV-11 (NASA Crew Flight 6),NASA,"S, M, [42](https://www.nasa.gov/feature/mission-awards-secure-commercial-crew-transportation-for-coming-years), [43](http://www.spacex.com/news/2017/02/27/spacex-send-privately-crewed-dragon-spacecraft-beyond-moon-next-year) "
70,TBA,Falcon Heavy,LC-39A / BC,GTO,?,Inmarsat I-6 F2 ?,Inmarsat (UK),"O, [4](http://www.spacex.com/missions), [29](http://space.skyrocket.de/doc_sdat/inmarsat-6.htm)"
71,TBA,Falcon 9,SLC-40 / BC,GTO,?,?,Eutelsat,"O, [4](http://www.spacex.com/missions)"
72,TBA,Falcon 9,SLC-40 / BC,GTO,?,?,SSL,"O, [4](http://www.spacex.com/missions)"
73,TBA,Falcon 9,SLC-40 /  BC,?,?,?,Bigelow Aerospace,"O, [4](http://www.spacex.com/missions), [91](https://www.youtube.com/watch?v=a62_n1zo4I0)"
